<!--
  ~ Copyright 2019 WeBank
  ~ Licensed under the Apache License, Version 2.0 (the "License");
  ~ you may not use this file except in compliance with the License.
  ~ You may obtain a copy of the License at
  ~
  ~ http://www.apache.org/licenses/LICENSE-2.0
  ~
  ~ Unless required by applicable law or agreed to in writing, software
  ~ distributed under the License is distributed on an "AS IS" BASIS,
  ~ WITHOUT WARRANTIES OR CONDITIONS OF ANY KIND, either express or implied.
  ~ See the License for the specific language governing permissions and
  ~ limitations under the License.
  ~
  -->

<assembly>
  <id>dist</id>
  <formats>
    <format>tar.gz</format>
  </formats>
  <includeBaseDirectory>false</includeBaseDirectory>



  <fileSets>
    <fileSet>
      <directory>${project.parent.basedir}</directory>
      <outputDirectory>.</outputDirectory>
      <includes>
        <include>README*</include>
        <include>LICENSE*</include>
        <include>NOTICE*</include>
      </includes>
    </fileSet>



    <fileSet>
      <directory>
        ${project.parent.basedir}/assembly/config/
      </directory>
      <outputDirectory>config</outputDirectory>
      <includes>
        <include>**/*</include>
      </includes>
      <lineEnding>unix</lineEnding>
    </fileSet>

    <fileSet>
      <directory>
        ${project.parent.basedir}/assembly/bin/
      </directory>
      <outputDirectory>bin</outputDirectory>
      <includes>
        <include>**/*</include>
      </includes>
      <lineEnding>unix</lineEnding>
    </fileSet>

    <fileSet>
      <directory>
        ${project.parent.basedir}/db
      </directory>
      <outputDirectory>db</outputDirectory>
      <includes>
        <include>**/*</include>
      </includes>
    </fileSet>

    <!--dss-framework-project-server-->
    <fileSet>
      <directory>
        ${project.parent.basedir}/assembly/dss-package/target/out
      </directory>
      <outputDirectory></outputDirectory>
      <includes>
        <include>**/*</include>
      </includes>
    </fileSet>

  </fileSets>
</assembly>
