<?xml version="1.0" encoding="UTF-8"?>
<!--
  ~ Copyright 2019 WeBank
  ~ Licensed under the Apache License, Version 2.0 (the "License");
  ~ you may not use this file except in compliance with the License.
  ~ You may obtain a copy of the License at
  ~
  ~ http://www.apache.org/licenses/LICENSE-2.0
  ~
  ~ Unless required by applicable law or agreed to in writing, software
  ~ distributed under the License is distributed on an "AS IS" BASIS,
  ~ WITHOUT WARRANTIES OR CONDITIONS OF ANY KIND, either express or implied.
  ~ See the License for the specific language governing permissions and
  ~ limitations under the License.
  ~
  -->

<configuration status="error" monitorInterval="30">
    <appenders>
        <Console name="Console" target="SYSTEM_OUT">
            <ThresholdFilter level="INFO" onMatch="ACCEPT" onMismatch="DENY"/>
            <PatternLayout pattern="%d{yyyy-MM-dd HH:mm:ss.SSS} %-5level [%t] %logger{36} %L %M - %msg%xEx%n"/>
        </Console>
        <RollingFile name="RollingFile" fileName="logs/dss-server.log"
                     filePattern="logs/$${date:yyyy-MM}/${serviceName}-log-%d{yyyy-MM-dd}-%i.log">
            <PatternLayout pattern="%d{yyyy-MM-dd HH:mm:ss.SSS} [%-5level] [%-40t] %c{1.} (%L) [%M] - %msg%xEx%n"/>
            <SizeBasedTriggeringPolicy size="100MB"/>
            <DefaultRolloverStrategy max="20"/>
        </RollingFile>
    </appenders>
    <loggers>
        <root level="INFO">
            <appender-ref ref="RollingFile"/>
            <appender-ref ref="Console"/>
        </root>
    </loggers>
</configuration>

