<?xml version="1.0" encoding="UTF-8"?>
<!--
  ~ Copyright 2019 WeBank
  ~ Licensed under the Apache License, Version 2.0 (the "License");
  ~ you may not use this file except in compliance with the License.
  ~ You may obtain a copy of the License at
  ~
  ~ http://www.apache.org/licenses/LICENSE-2.0
  ~
  ~ Unless required by applicable law or agreed to in writing, software
  ~ distributed under the License is distributed on an "AS IS" BASIS,
  ~ WITHOUT WARRANTIES OR CONDITIONS OF ANY KIND, either express or implied.
  ~ See the License for the specific language governing permissions and
  ~ limitations under the License.
  ~
  -->

<!DOCTYPE mapper PUBLIC "-//mybatis.org//DTD Mapper 3.0//EN"  "http://mybatis.org/dtd/mybatis-3-mapper.dtd">
<mapper namespace="com.webank.wedatasphere.dss.apiservice.core.dao.ApiServiceVersionDao">

    <resultMap id="apiVersionMap" type="com.webank.wedatasphere.dss.apiservice.core.vo.ApiVersionVo">
        <result property="id" column="id"/>
        <result property="apiId" column="api_id"/>
        <result property="version" column="version"/>
        <result property="bmlResourceId" column="bml_resource_id"/>
        <result property="bmlVersion" column="bml_version"/>
        <result property="source" column="source"/>
        <result property="creator" column="creator"/>
        <result property="createTime" column="create_time"/>
        <result property="status" column="status"/>
        <result property="metadataInfo" column="metadata_info"/>
        <result property="authId" column="auth_id"/>
    </resultMap>

    <sql id="fields">
        `api_id`,`version`,`bml_resource_id`,`bml_version`,`source`,`creator`,`create_time`,`status`,
         `metadata_info`, `auth_id`
    </sql>

    <sql id="fields_query">
        `id`,`api_id`,`version`,`bml_resource_id`,`bml_version`,`source`,`creator`,`create_time`,`status`,
        `metadata_info`, `auth_id`
    </sql>

    <insert id="insert" useGeneratedKeys="true" keyProperty="id" parameterType="com.webank.wedatasphere.dss.apiservice.core.vo.ApiVersionVo">
        <![CDATA[INSERT INTO
         `dss_apiservice_api_version`(]]>
        <include refid="fields"/>
        <![CDATA[) VALUES
            (#{apiId}, #{version}, #{bmlResourceId}, #{bmlVersion}, #{source}, #{creator}, #{createTime}, #{status}, #{metadataInfo},
            #{authId}
            )]]>
    </insert>

    <select id="queryApiVersionByVersionId" parameterType="Long" resultMap="apiVersionMap">
        <![CDATA[SELECT]]>
        <include refid="fields_query"/>
        <![CDATA[FROM
            `dss_apiservice_api_version`
        WHERE
            id = #{id}
        ]]>
    </select>

    <select id="queryApiVersionByApiServiceId" parameterType="Long" resultMap="apiVersionMap">
        <![CDATA[SELECT]]>
        <include refid="fields_query"/>
        <![CDATA[FROM
            `dss_apiservice_api_version`
        WHERE
            api_id = #{api_id}
        ]]>
    </select>

    <update id="updateApiVersionStatusById">
        UPDATE `dss_apiservice_api_version`
        SET `status` = #{status}
        WHERE id = #{id}
    </update>

    <update id="disableApiVersionStatusByApiId">
        UPDATE `dss_apiservice_api_version`
        SET `status` = 0
        WHERE
        api_id = #{api_id}
    </update>

    <update id="updateApiVersionStatus" parameterType="com.webank.wedatasphere.dss.apiservice.core.vo.ApiVersionVo">
        UPDATE `dss_apiservice_api_version`
        SET `status` = #{status}
        WHERE id = #{id}
    </update>

    <update id="updateAllApiVersionStatusByApiServiceId">
        UPDATE `dss_apiservice_api_version`
        SET `status` = #{status}
        WHERE api_id = #{api_id}
    </update>


    <delete id="deleteApiVersionById" parameterType="Long">
        DELETE FROM
        `dss_apiservice_api_version`
        WHERE
        id = #{id}
    </delete>


</mapper>