<?xml version="1.0" encoding="UTF-8"?>
<!--
  ~ Copyright 2019 WeBank
  ~ Licensed under the Apache License, Version 2.0 (the "License");
  ~ you may not use this file except in compliance with the License.
  ~ You may obtain a copy of the License at
  ~
  ~ http://www.apache.org/licenses/LICENSE-2.0
  ~
  ~ Unless required by applicable law or agreed to in writing, software
  ~ distributed under the License is distributed on an "AS IS" BASIS,
  ~ WITHOUT WARRANTIES OR CONDITIONS OF ANY KIND, either express or implied.
  ~ See the License for the specific language governing permissions and
  ~ limitations under the License.
  ~
  -->

<!DOCTYPE mapper PUBLIC "-//mybatis.org//DTD Mapper 3.0//EN"  "http://mybatis.org/dtd/mybatis-3-mapper.dtd">
<mapper namespace="com.webank.wedatasphere.dss.apiservice.core.dao.ApiServiceAccessDao">
    <resultMap id="AccessMap" type="ApiAccessVo">
        <result property="id" column="id"/>
        <result property="user" column="login_user"/>
        <result property="apiServiceName" column="api_name"/>
        <result property="apiServiceId" column="api_id"/>
        <result property="apiServiceVersionId" column="api_version_id"/>
        <result property="apiPublisher" column="api_publisher"/>
        <result property="accessTime" column="access_time"/>
        <result property="proxyUser" column="execute_user"/>
    </resultMap>

    <sql id="fields">
        `login_user`,`api_name`,`api_id`,`api_version_id`, `api_publisher`, `access_time`, `execute_user`
    </sql>

    <sql id="fields_query">
        `id`,`login_user`,`api_name`,`api_id`,`api_version_id`, `api_publisher`, `access_time`, `execute_user`
    </sql>

    <insert id="addAccessRecord" useGeneratedKeys="true" keyProperty="id" parameterType="ApiAccessVo">
        <![CDATA[INSERT INTO `dss_apiservice_access_info`(]]>

        <include refid="fields"/>
        <![CDATA[) VALUES(#{user}, #{apiServiceName}, #{apiServiceId}, #{apiServiceVersionId}, #{apiPublisher}, #{accessTime}, #{proxyUser})]]>
    </insert>

    <select id="queryByVersionId" resultMap="AccessMap">
        <![CDATA[SELECT ]]>
        <include refid="fields_query"/>
        <![CDATA[ FROM `dss_apiservice_access_info` ]]>
        <where>
            `api_version_id` = #{versionId}
        </where>
    </select>


    <select id="queryByApiId" resultMap="AccessMap">
        <![CDATA[SELECT ]]>
        <include refid="fields_query"/>
        <![CDATA[ FROM `dss_apiservice_access_info` ]]>
        <where>
            `api_id` = #{apiServiceId}
        </where>
    </select>


</mapper>
