<!--
  ~ /*
  ~  * Copyright 2019 WeBank
  ~  *
  ~  * Licensed under the Apache License, Version 2.0 (the "License");
  ~  *  you may not use this file except in compliance with the License.
  ~  * You may obtain a copy of the License at
  ~  *
  ~  * http://www.apache.org/licenses/LICENSE-2.0
  ~  *
  ~  * Unless required by applicable law or agreed to in writing, software
  ~  * distributed under the License is distributed on an "AS IS" BASIS,
  ~  * WITHOUT WARRANTIES OR CONDITIONS OF ANY KIND, either express or implied.
  ~  * See the License for the specific language governing permissions and
  ~  * limitations under the License.
  ~  */
  -->

<assembly
        xmlns="http://maven.apache.org/plugins/maven-assembly-plugin/assembly/2.3"
        xmlns:xsi="http://www.w3.org/2001/XMLSchema-instance"
        xsi:schemaLocation="http://maven.apache.org/plugins/maven-assembly-plugin/assembly/2.3 http://maven.apache.org/xsd/assembly-1.1.2.xsd">
    <id>linkis-enginePlugin-appconn</id>
    <formats>
        <format>dir</format>
        <format>zip</format>
    </formats>
    <includeBaseDirectory>true</includeBaseDirectory>
    <baseDirectory>linkis-engineplugin-appconn</baseDirectory>

    <dependencySets>
        <dependencySet>
            <!-- Enable access to all projects in the current multimodule build! <useAllReactorProjects>true</useAllReactorProjects> -->
            <!-- Now, select which projects to include in this module-set. -->
            <outputDirectory>/dist/v1/lib</outputDirectory>
            <useProjectArtifact>true</useProjectArtifact>
            <useTransitiveDependencies>true</useTransitiveDependencies>
            <unpack>false</unpack>
            <useStrictFiltering>true</useStrictFiltering>
            <useTransitiveFiltering>true</useTransitiveFiltering>

        </dependencySet>
    </dependencySets>

    <fileSets>
        <fileSet>
            <directory>${basedir}/src/main/resources</directory>
            <includes>
                <include>enginePlugin.properties</include>
            </includes>
            <fileMode>0777</fileMode>
            <outputDirectory>/</outputDirectory>
            <lineEnding>unix</lineEnding>
        </fileSet>

        <fileSet>
            <directory>${basedir}/src/main/resources</directory>
            <includes>
                <include>*.properties</include>
                <include>log4j2*.xml</include>
            </includes>
            <fileMode>0777</fileMode>
            <outputDirectory>/dist/v1/conf</outputDirectory>
            <lineEnding>unix</lineEnding>
        </fileSet>

        <fileSet>
            <directory>${basedir}/target</directory>
            <includes>
                <include>*.jar</include>
            </includes>
            <excludes>
                <exclude>*doc.jar</exclude>
            </excludes>
            <outputDirectory>/plugin/1</outputDirectory>
        </fileSet>

    </fileSets>

</assembly>

